{
  "project_info": {
    "project_number": "613864400834",
    "firebase_url": "https://stick-22352-default-rtdb.firebaseio.com",
    "project_id": "stick-22352",
    "storage_bucket": "stick-22352.appspot.com"
  },
  "client": [
    {
      "client_info": {
        "mobilesdk_app_id": "1:613864400834:android:914e4a0fe32f66b39ed85b",
        "android_client_info": {
          "package_name": "com.example.fashionstick"
        }
      },
      "oauth_client": [
        {
          "client_id": "613864400834-ihid6pkt3tpp4dli188mkvkm4ckvsocs.apps.googleusercontent.com",
          "client_type": 1,
          "android_info": {
            "package_name": "com.example.fashionstick",
            "certificate_hash": "8ef6a6279dd4178ff33c0fa42bdfcb89730966fe"
          }
        },
        {
          "client_id": "613864400834-obibdft1m4u3flvlnrmfc1tk48co4o00.apps.googleusercontent.com",
          "client_type": 3
        }
      ],
      "api_key": [
        {
          "current_key": "AIzaSyDWn3xe9A_DU0IqP0XHL_5hfj5vRjriLyc"
        }
      ],
      "services": {
        "appinvite_service": {
          "other_platform_oauth_client": [
            {
              "client_id": "613864400834-obibdft1m4u3flvlnrmfc1tk48co4o00.apps.googleusercontent.com",
              "client_type": 3
            }
          ]
        }
      }
    }
  ],
  "configuration_version": "1"
}